,Ident,Etat,EtatExp,DMajEtatExp,Debit,Taux,DebitLisse,TauxLisse,VitesseBRP
0,17,2,0,2017-11-23T16:41:14,0,-1,0,-1,0.0
1,18,1,0,2017-11-23T16:41:14,13,5,304,5,17.402945
2,21,1,0,2017-11-23T16:41:14,16,5,334,6,19.900497
3,19,2,0,2017-11-23T16:41:14,0,-1,0,-1,0.0
4,20,1,0,2017-11-23T16:41:14,21,2,490,2,25.874815
5,16,1,0,2017-11-23T16:41:14,0,-1,0,-1,0.0
6,15,1,0,2017-11-23T16:41:14,28,9,694,8,46.697796
7,14,1,0,2017-11-23T16:41:14,45,16,750,15,19.10017
8,13,3,0,2017-11-23T16:41:14,0,-1,0,-1,0.0
9,12,1,0,2017-11-23T16:41:14,37,14,744,13,18.169317
10,11,1,0,2017-11-23T16:41:14,0,-1,0,-1,0.0
11,10,1,0,2017-11-23T16:41:14,0,-1,0,-1,0.0
12,9,2,0,2017-11-23T16:41:14,43,27,794,22,12.92145
13,7,1,0,2017-11-23T16:41:14,0,-1,0,-1,0.0
14,8,1,0,2017-11-23T16:41:14,39,13,724,30,19.710907
15,6,3,0,2017-11-23T16:41:14,0,-1,0,-1,0.0
16,5,1,0,2017-11-23T16:41:14,45,11,752,7,23.671751
17,3,2,0,2017-11-23T16:41:14,17,31,448,34,5.0980625
18,4,1,0,2017-11-23T16:41:14,26,0,482,0,50.0
19,2,2,0,2017-11-23T16:41:14,0,-1,0,-1,0.0
20,1,2,0,2017-11-23T16:41:14,0,-1,0,-1,0.0
21,38,0,0,2017-11-23T16:41:14,0,0,0,0,0.0
22,37,1,0,2017-11-23T16:41:14,0,-1,0,-1,0.0
23,39,1,0,2017-11-23T16:41:14,15,5,222,3,19.10828
24,40,1,0,2017-11-23T16:41:14,16,8,292,7,14.619883
25,22,1,0,2017-11-23T16:41:14,43,13,812,12,20.994043
26,23,2,0,2017-11-23T16:41:14,0,-1,0,-1,0.0
27,24,2,0,2017-11-23T16:41:14,0,-1,0,-1,0.0
28,25,1,0,2017-11-23T16:41:14,15,1,484,2,30.181086
29,100,0,0,2017-11-23T16:41:14,0,0,0,0,0.0
30,101,1,0,2017-11-23T16:41:14,13,10,168,5,10.058027
31,1126,1,0,2017-11-23T16:41:14,3,0,78,0,40.0
32,104,1,0,2017-11-23T16:41:14,10,4,362,8,15.625
33,106,1,0,2017-11-23T16:41:14,3,1,58,1,18.820578
34,107,1,0,2017-11-23T16:41:14,0,0,10,0,50.0
35,108,1,0,2017-11-23T16:41:14,17,9,268,5,13.082961
36,109,1,0,2017-11-23T16:41:14,19,18,266,16,38.649307
37,203,1,0,2017-11-23T16:41:14,1,31,36,31,0.321151
38,313,1,0,2017-11-23T16:41:14,14,5,440,6,10.506567
39,307,1,0,2017-11-23T16:41:14,9,0,244,0,40.0
40,201,1,0,2017-11-23T16:41:14,31,23,500,28,5.9652667
41,510,1,0,2017-11-23T16:41:14,16,18,218,8,4.0733194
42,204,3,0,2017-11-23T16:41:14,0,-1,0,-1,0.0
43,205,0,0,2017-11-23T16:41:14,0,0,0,0,0.0
44,206,1,0,2017-11-23T16:41:14,12,2,160,1,27.573528
45,207,1,0,2017-11-23T16:41:14,32,7,612,11,48.10583
46,208,1,0,2017-11-23T16:41:14,30,19,494,9,44.378696
47,210,1,0,2017-11-23T16:41:14,30,2,732,5,23.291925
48,211,1,0,2017-11-23T16:41:14,17,1,258,0,31.680954
49,212,1,0,2017-11-23T16:41:14,15,1,242,0,30.181086
50,230,1,0,2017-11-23T16:41:14,15,7,232,11,42.979942
51,231,1,0,2017-11-23T16:41:14,61,8,1152,10,16.039968
52,232,1,0,2017-11-23T16:41:14,51,7,1140,17,21.715065
53,301,1,0,2017-11-23T16:41:14,41,10,754,8,48.926014
54,616,1,0,2017-11-23T16:41:14,13,1,252,0,28.421515
55,302,2,0,2017-11-23T16:41:14,48,37,750,49,5.885238
56,303,1,0,2017-11-23T16:41:14,29,3,476,2,22.252064
57,304,1,0,2017-11-23T16:41:14,21,3,454,2,20.845743
58,305,1,0,2017-11-23T16:41:14,29,3,680,4,24.944092
59,3061,1,0,2017-11-23T16:41:14,34,10,410,5,13.016846
60,112,1,0,2017-11-23T16:41:14,2,2,56,0,8.032128
61,509,1,0,2017-11-23T16:41:14,6,2,164,3,10.968921
62,523,1,0,2017-11-23T16:41:14,27,8,418,5,14.827019
63,308,1,0,2017-11-23T16:41:14,17,4,380,4,14.072847
64,309,1,0,2017-11-23T16:41:14,20,7,312,4,18.656715
65,310,1,0,2017-11-23T16:41:14,14,2,262,2,20.759193
66,311,1,0,2017-11-23T16:41:14,10,3,236,4,10.59322
67,312,1,0,2017-11-23T16:41:14,80,4,1472,4,27.397259
68,524,1,0,2017-11-23T16:41:14,15,4,318,7,15.624999
69,247,1,0,2017-11-23T16:41:14,14,5,266,5,16.816816
70,314,1,0,2017-11-23T16:41:14,43,13,622,6,12.163213
71,113,1,0,2017-11-23T16:41:14,9,5,96,10,12.609457
72,315,1,0,2017-11-23T16:41:14,41,3,1016,4,24.183083
73,317,1,0,2017-11-23T16:41:14,37,3,1004,4,22.870565
74,320,1,0,2017-11-23T16:41:14,54,4,1016,4,29.398954
75,401,1,0,2017-11-23T16:41:14,27,4,602,4,18.64641
76,402,1,0,2017-11-23T16:41:14,41,12,908,11,12.416717
77,817,2,0,2017-11-23T16:41:14,28,38,570,15,3.485188
78,403,1,0,2017-11-23T16:41:14,8,5,116,2,39.603962
79,404,1,0,2017-11-23T16:41:14,9,4,216,4,35.156246
80,405,1,0,2017-11-23T16:41:14,59,8,1076,9,19.952656
81,406,1,0,2017-11-23T16:41:14,37,5,792,5,19.693945
82,409,1,0,2017-11-23T16:41:14,14,2,370,2,38.567493
83,410,1,0,2017-11-23T16:41:14,7,0,182,1,40.0
84,411,1,0,2017-11-23T16:41:14,26,3,366,1,21.129622
85,412,1,0,2017-11-23T16:41:14,35,6,628,4,17.305315
86,413,1,0,2017-11-23T16:41:14,30,10,582,13,17.910448
87,414,1,0,2017-11-23T16:41:14,17,5,484,7,18.81051
88,539,1,0,2017-11-23T16:41:14,8,4,86,1,13.513514
89,540,1,0,2017-11-23T16:41:14,2,0,128,2,40.0
90,421,1,0,2017-11-23T16:41:14,7,2,238,3,14.846235
91,420,1,0,2017-11-23T16:41:14,4,1,174,3,16.064257
92,422,1,0,2017-11-23T16:41:14,1,0,110,1,40.0
93,423,1,0,2017-11-23T16:41:14,19,4,312,4,15.127389
94,516,1,0,2017-11-23T16:41:14,29,11,472,7,38.397884
95,525,1,0,2017-11-23T16:41:14,1,0,68,0,40.0
96,526,1,0,2017-11-23T16:41:14,1,0,56,0,40.0
97,535,1,0,2017-11-23T16:41:14,24,3,452,3,20.30457
98,536,1,0,2017-11-23T16:41:14,20,1,290,0,31.007753
99,415,2,0,2017-11-23T16:41:14,0,-1,0,-1,0.0
100,416,3,0,2017-11-23T16:41:14,0,-1,0,-1,0.0
101,417,1,0,2017-11-23T16:41:14,32,10,536,9,20.304567
102,418,1,0,2017-11-23T16:41:14,5,2,102,3,16.778522
103,419,1,0,2017-11-23T16:41:14,8,2,160,2,22.421526
104,603,1,0,2017-11-23T16:41:14,14,4,336,5,19.02174
105,604,1,0,2017-11-23T16:41:14,12,5,314,7,15.286624
106,610,1,0,2017-11-23T16:41:14,21,5,346,4,38.26879
107,611,1,0,2017-11-23T16:41:14,24,5,328,3,38.70968
108,233,1,0,2017-11-23T16:41:14,87,15,1250,10,19.423979
109,234,3,0,2017-11-23T16:41:14,64,38,1070,12,7.6248574
110,240,1,0,2017-11-23T16:41:14,22,6,496,8,13.63411
111,239,1,0,2017-11-23T16:41:14,30,3,560,4,25.38071
112,608,1,0,2017-11-23T16:41:14,51,7,742,4,21.715065
113,609,1,0,2017-11-23T16:41:14,42,5,1098,7,49.528305
114,236,1,0,2017-11-23T16:41:14,44,8,606,4,16.84533
115,628,1,0,2017-11-23T16:41:14,10,3,210,5,18.43318
116,629,1,0,2017-11-23T16:41:14,9,4,204,3,14.61039
117,701,1,0,2017-11-23T16:41:14,19,1,440,1,28.347631
118,702,1,0,2017-11-23T16:41:14,40,4,584,2,22.727272
119,501,1,0,2017-11-23T16:41:14,27,3,388,2,32.774944
120,502,1,0,2017-11-23T16:41:14,22,8,364,7,18.260292
121,503,1,0,2017-11-23T16:41:14,33,4,544,3,23.018972
122,504,1,0,2017-11-23T16:41:14,18,2,572,3,23.910734
123,507,1,0,2017-11-23T16:41:14,16,2,464,3,22.421526
124,508,1,0,2017-11-23T16:41:14,23,3,624,6,21.984324
125,248,1,0,2017-11-23T16:41:14,15,4,278,5,19.736843
126,617,1,0,2017-11-23T16:41:14,12,1,298,1,24.144869
127,618,1,0,2017-11-23T16:41:14,14,4,228,4,37.234043
128,619,1,0,2017-11-23T16:41:14,19,11,324,7,35.66401
129,511,1,0,2017-11-23T16:41:14,12,5,196,3,43.165466
130,512,1,0,2017-11-23T16:41:14,11,4,150,2,43.789806
131,515,2,0,2017-11-23T16:41:14,0,-1,0,-1,0.0
132,703,1,0,2017-11-23T16:41:14,17,12,370,6,34.412956
133,517,1,0,2017-11-23T16:41:14,18,6,298,6,11.700468
134,518,1,0,2017-11-23T16:41:14,7,2,192,3,13.030529
135,521,1,0,2017-11-23T16:41:14,11,11,266,9,35.971222
136,522,1,0,2017-11-23T16:41:14,14,5,284,7,44.303795
137,519,1,0,2017-11-23T16:41:14,1,0,34,0,50.0
138,520,1,0,2017-11-23T16:41:14,11,11,234,11,35.971222
139,241,1,0,2017-11-23T16:41:14,18,2,246,1,28.081123
140,242,1,0,2017-11-23T16:41:14,27,6,412,12,21.871204
141,220,1,0,2017-11-23T16:41:14,60,14,1194,13,41.958046
142,705,1,0,2017-11-23T16:41:14,2,2,40,3,28.985508
143,706,1,0,2017-11-23T16:41:14,40,5,760,5,40.0
144,719,1,0,2017-11-23T16:41:14,16,6,258,3,16.393442
145,801,2,0,2017-11-23T16:41:14,0,-1,0,-1,0.0
146,601,1,0,2017-11-23T16:41:14,9,3,254,7,18.963337
147,602,1,0,2017-11-23T16:41:14,18,9,410,10,14.662755
148,802,2,0,2017-11-23T16:41:14,0,-1,0,-1,0.0
149,805,1,0,2017-11-23T16:41:14,37,4,782,4,39.87069
150,808,1,0,2017-11-23T16:41:14,15,5,308,4,36.923077
151,809,1,0,2017-11-23T16:41:14,21,6,328,5,37.94038
152,901,1,0,2017-11-23T16:41:14,22,8,454,7,16.84533
153,902,1,0,2017-11-23T16:41:14,30,9,520,8,18.957346
154,704,1,0,2017-11-23T16:41:14,14,15,240,8,8.055236
155,718,1,0,2017-11-23T16:41:14,15,4,298,3,21.802324
156,707,1,0,2017-11-23T16:41:14,7,0,126,0,50.0
157,708,1,0,2017-11-23T16:41:14,42,4,834,3,49.62193
158,709,1,0,2017-11-23T16:41:14,16,1,722,4,48.95961
159,710,1,0,2017-11-23T16:41:14,65,15,1604,29,19.374067
160,711,1,0,2017-11-23T16:41:14,71,13,1660,17,23.237547
161,712,1,0,2017-11-23T16:41:14,28,6,670,19,24.857954
162,714,1,0,2017-11-23T16:41:14,22,4,522,4,17.997383
163,903,1,0,2017-11-23T16:41:14,26,6,692,8,21.469858
164,904,1,0,2017-11-23T16:41:14,18,4,384,4,21.634617
165,1136,1,0,2017-11-23T16:41:14,9,3,286,9,17.366137
166,1137,1,0,2017-11-23T16:41:14,20,8,264,5,15.873015
167,803,1,0,2017-11-23T16:41:14,15,6,334,6,43.85965
168,804,1,0,2017-11-23T16:41:14,19,6,346,5,45.541706
169,246,1,0,2017-11-23T16:41:14,15,4,404,6,21.802324
170,1138,1,0,2017-11-23T16:41:14,13,8,370,10,34.300793
171,1139,1,0,2017-11-23T16:41:14,13,5,266,3,36.236935
172,806,1,0,2017-11-23T16:41:14,46,16,652,5,11.578735
173,634,1,0,2017-11-23T16:41:14,44,15,986,16,11.181702
174,635,2,0,2017-11-23T16:41:14,59,38,1258,31,6.9293556
175,632,1,0,2017-11-23T16:41:14,34,10,576,5,12.296564
176,633,1,0,2017-11-23T16:41:14,35,12,882,12,11.041009
177,810,1,0,2017-11-23T16:41:14,35,2,890,3,32.22836
178,811,1,0,2017-11-23T16:41:14,28,2,592,2,49.226444
179,807,1,0,2017-11-23T16:41:14,25,24,410,19,8.992806
180,905,1,0,2017-11-23T16:41:14,8,2,360,5,22.421526
181,906,1,0,2017-11-23T16:41:14,14,5,350,9,18.276762
182,911,1,0,2017-11-23T16:41:14,7,1,296,3,29.337801
183,912,1,0,2017-11-23T16:41:14,7,1,224,2,29.337801
184,913,1,0,2017-11-23T16:41:14,7,1,154,1,47.106323
185,914,1,0,2017-11-23T16:41:14,17,5,232,3,45.57641
186,909,1,0,2017-11-23T16:41:14,28,5,636,6,27.131784
187,910,1,0,2017-11-23T16:41:14,33,9,710,9,21.991203
188,1001,2,0,2017-11-23T16:41:14,31,26,512,14,43.127434
189,1002,1,0,2017-11-23T16:41:14,24,9,486,8,45.558086
190,1003,2,0,2017-11-23T16:41:14,29,37,368,13,39.434322
191,1004,1,0,2017-11-23T16:41:14,15,13,300,9,38.36317
192,1005,1,0,2017-11-23T16:41:14,30,9,550,9,20.746887
193,1006,1,0,2017-11-23T16:41:14,35,9,628,9,22.771631
194,1007,1,0,2017-11-23T16:41:14,7,1,170,2,29.337801
195,1008,1,0,2017-11-23T16:41:14,17,5,190,2,20.656137
196,1009,1,0,2017-11-23T16:41:14,16,4,528,7,13.513514
197,1010,1,0,2017-11-23T16:41:14,23,16,562,15,11.578735
198,1012,1,0,2017-11-23T16:41:14,13,16,282,12,7.1491423
199,1011,1,0,2017-11-23T16:41:14,16,21,266,10,6.800408
200,1013,1,0,2017-11-23T16:41:14,13,4,190,2,20.012314
201,1014,1,0,2017-11-23T16:41:14,7,2,230,3,20.759193
202,1015,1,0,2017-11-23T16:41:14,13,2,228,2,28.58399
203,1016,1,0,2017-11-23T16:41:14,12,2,216,2,27.573528
204,1017,1,0,2017-11-23T16:41:14,5,0,136,0,50.0
205,1018,1,0,2017-11-23T16:41:14,8,2,136,1,22.421526
206,1105,1,0,2017-11-23T16:41:14,38,11,756,11,13.2109585
207,1019,1,0,2017-11-23T16:41:14,15,5,226,3,19.10828
208,1020,1,0,2017-11-23T16:41:14,6,2,244,3,18.891687
209,1102,1,0,2017-11-23T16:41:14,20,8,390,7,44.642857
210,1109,1,0,2017-11-23T16:41:14,27,8,494,7,46.809986
211,1108,1,0,2017-11-23T16:41:14,7,0,142,0,50.0
212,1120,1,0,2017-11-23T16:41:14,9,2,202,3,23.910734
213,1121,1,0,2017-11-23T16:41:14,9,3,152,2,18.963337
214,1112,1,0,2017-11-23T16:41:14,25,10,468,9,17.241379
215,1124,1,0,2017-11-23T16:41:14,8,3,200,3,43.196545
216,1125,1,0,2017-11-23T16:41:14,9,3,196,3,43.98827
217,1201,1,0,2017-11-23T16:41:14,38,15,856,14,47.738693
218,1202,1,0,2017-11-23T16:41:14,40,24,612,12,47.169815
219,1203,1,0,2017-11-23T16:41:14,56,5,1156,6,21.840872
220,1204,1,0,2017-11-23T16:41:14,21,10,576,14,15.239478
221,1205,1,0,2017-11-23T16:41:14,22,11,410,14,14.749262
222,1206,1,0,2017-11-23T16:41:14,83,7,1762,7,51.431404
223,1207,1,0,2017-11-23T16:41:14,0,-1,0,-1,0.0
224,1208,1,0,2017-11-23T16:41:14,30,3,560,2,49.019604
225,1210,1,0,2017-11-23T16:41:14,23,6,362,4,46.709995
226,1211,1,0,2017-11-23T16:41:14,25,7,420,6,46.72897
227,1214,1,0,2017-11-23T16:41:14,14,6,374,16,43.316833
228,1215,1,0,2017-11-23T16:41:14,19,5,434,5,22.067364
229,1216,1,0,2017-11-23T16:41:14,15,5,502,8,44.77612
230,1217,1,0,2017-11-23T16:41:14,21,5,546,6,23.35929
231,1218,1,0,2017-11-23T16:41:14,23,7,548,8,46.203297
232,1219,1,0,2017-11-23T16:41:14,30,10,574,9,19.48052
233,1220,2,0,2017-11-23T16:41:14,11,28,206,7,3.7182262
234,1221,1,0,2017-11-23T16:41:14,12,4,216,3,19.035534
235,1222,1,0,2017-11-23T16:41:14,19,7,360,7,18.036833
236,1223,1,0,2017-11-23T16:41:14,22,7,346,5,19.834114
237,812,1,0,2017-11-23T16:41:14,37,11,474,7,19.238268
238,813,1,0,2017-11-23T16:41:14,23,3,454,2,39.132282
239,318,1,0,2017-11-23T16:41:14,33,14,408,8,15.6435175
240,319,1,0,2017-11-23T16:41:14,13,4,362,6,18.258427
241,716,1,0,2017-11-23T16:41:14,25,6,422,5,47.169815
242,717,1,0,2017-11-23T16:41:14,34,20,690,14,45.698925
243,1127,1,0,2017-11-23T16:41:14,3,0,54,0,40.0
244,1128,1,0,2017-11-23T16:41:14,1,0,38,2,40.0
245,1129,1,0,2017-11-23T16:41:14,2,0,44,0,40.0
246,527,1,0,2017-11-23T16:41:14,23,5,464,5,14.874698
247,528,1,0,2017-11-23T16:41:14,13,3,328,4,14.20377
248,1130,1,0,2017-11-23T16:41:14,14,3,322,5,46.419098
249,1131,1,0,2017-11-23T16:41:14,8,2,254,3,45.248867
250,339,1,0,2017-11-23T16:41:14,8,16,182,19,24.390242
251,1132,1,0,2017-11-23T16:41:14,6,42,196,40,12.254902
252,1133,1,0,2017-11-23T16:41:14,8,3,146,3,43.196545
253,217,1,0,2017-11-23T16:41:14,68,10,1180,9,19.263456
254,214,1,0,2017-11-23T16:41:14,63,19,1500,14,12.411959
255,814,1,0,2017-11-23T16:41:14,48,7,992,6,20.9351
256,624,1,0,2017-11-23T16:41:14,19,5,316,4,46.228714
257,625,1,0,2017-11-23T16:41:14,25,6,364,4,47.169815
258,353,1,0,2017-11-23T16:41:14,54,5,1010,5,30.294529
259,351,1,0,2017-11-23T16:41:14,38,4,708,3,24.843098
260,626,1,0,2017-11-23T16:41:14,12,4,258,5,14.450868
261,627,1,0,2017-11-23T16:41:14,16,3,272,3,21.041557
262,321,1,0,2017-11-23T16:41:14,41,12,934,16,40.117416
263,322,1,0,2017-11-23T16:41:14,17,6,394,7,36.996735
264,1224,1,0,2017-11-23T16:41:14,21,8,374,5,17.700607
265,1225,1,0,2017-11-23T16:41:14,21,7,374,6,19.255455
266,720,1,0,2017-11-23T16:41:14,5,1,210,2,25.125628
267,721,1,0,2017-11-23T16:41:14,11,3,182,2,21.425789
268,533,1,0,2017-11-23T16:41:14,27,5,484,4,26.653503
269,534,1,0,2017-11-23T16:41:14,13,3,322,4,23.542194
270,229,2,0,2017-11-23T16:41:14,54,48,1194,23,5.314124
271,505,1,0,2017-11-23T16:41:14,12,3,190,2,20.30457
272,506,1,0,2017-11-23T16:41:14,12,4,284,4,17.44186
273,243,1,0,2017-11-23T16:41:14,13,3,310,4,46.06662
274,244,1,0,2017-11-23T16:41:14,19,5,428,13,46.228714
275,245,1,0,2017-11-23T16:41:14,17,4,336,4,23.403084
276,620,1,0,2017-11-23T16:41:14,11,4,172,3,17.997383
277,621,1,0,2017-11-23T16:41:14,2,1,46,0,14.326647
278,833,1,0,2017-11-23T16:41:14,10,2,172,2,37.735847
279,832,1,0,2017-11-23T16:41:14,18,6,264,3,37.267082
280,222,1,0,2017-11-23T16:41:14,76,20,1250,16,53.672318
281,216,1,0,2017-11-23T16:41:14,5,1,138,2,22.346369
282,215,1,0,2017-11-23T16:41:14,10,2,166,2,22.47191
283,221,1,0,2017-11-23T16:41:14,16,3,604,7,26.21232
284,323,1,0,2017-11-23T16:41:14,18,7,342,5,17.394667
285,836,1,0,2017-11-23T16:41:14,8,3,160,3,35.714287
286,837,1,0,2017-11-23T16:41:14,12,4,196,3,36.585365
287,636,1,0,2017-11-23T16:41:14,44,9,1172,22,23.14571
288,637,1,0,2017-11-23T16:41:14,146,16,1796,11,31.290184
289,638,0,0,2017-11-23T16:41:14,0,0,0,0,0.0
290,639,0,0,2017-11-23T16:41:14,0,0,0,0,0.0
291,1135,1,0,2017-11-23T16:41:14,2,0,82,0,50.0
292,1134,1,0,2017-11-23T16:41:14,1,0,68,1,50.0
293,838,1,0,2017-11-23T16:41:14,5,7,100,1,26.845636
294,645,1,0,2017-11-23T16:41:14,25,11,532,11,15.094339
295,644,1,0,2017-11-23T16:41:14,21,6,366,5,37.94038
296,839,1,0,2017-11-23T16:41:14,2,2,76,1,28.985508
297,646,1,0,2017-11-23T16:41:14,44,16,738,13,17.432646
298,529,1,0,2017-11-23T16:41:14,12,1,380,1,22.321428
299,530,1,0,2017-11-23T16:41:14,20,1,344,1,28.735632
300,328,1,0,2017-11-23T16:41:14,56,6,1090,5,24.857954
301,647,0,0,2017-11-23T16:41:14,0,0,0,0,0.0
302,2216,0,0,2017-11-23T16:41:14,0,0,0,0,0.0
303,2211,0,0,2017-11-23T16:41:14,0,0,0,0,0.0
304,329,1,0,2017-11-23T16:41:14,16,5,156,1,45.197742
305,330,1,0,2017-11-23T16:41:14,14,3,238,2,46.419098
306,1140,1,0,2017-11-23T16:41:14,18,3,342,3,27.726433
307,1141,1,0,2017-11-23T16:41:14,20,4,272,2,25.510204
308,223,1,0,2017-11-23T16:41:14,48,3,1040,4,31.347961
309,224,1,0,2017-11-23T16:41:14,23,2,364,1,27.033382
310,213,1,0,2017-11-23T16:41:14,60,15,1164,14,23.809523
311,531,1,0,2017-11-23T16:41:14,7,2,152,2,36.553524
312,532,1,0,2017-11-23T16:41:14,6,1,130,1,37.85489
313,1021,1,0,2017-11-23T16:41:14,14,5,370,7,44.303795
314,1022,1,0,2017-11-23T16:41:14,17,5,228,3,45.57641
315,630,1,0,2017-11-23T16:41:14,2,0,58,0,50.0
316,631,1,0,2017-11-23T16:41:14,3,0,38,0,50.0
317,1113,1,0,2017-11-23T16:41:14,27,9,486,7,19.404913
318,841,1,0,2017-11-23T16:41:14,31,2,740,3,39.769085
319,2212,0,0,2017-11-23T16:41:14,0,0,0,0,0.0
320,432,1,0,2017-11-23T16:41:14,28,9,520,8,38.514442
321,433,1,0,2017-11-23T16:41:14,25,3,494,2,39.29273
322,1023,1,0,2017-11-23T16:41:14,24,7,434,6,19.077902
323,1024,1,0,2017-11-23T16:41:14,19,6,386,6,18.155758
324,656,1,0,2017-11-23T16:41:14,38,10,536,7,20.485176
325,657,1,0,2017-11-23T16:41:14,35,11,672,9,18.629408
326,2213,0,0,2017-11-23T16:41:14,0,0,0,0,0.0
327,2386,0,0,2017-11-23T16:41:14,0,0,0,0,0.0
328,2390,0,0,2017-11-23T16:41:14,0,0,0,0,0.0
329,2214,0,0,2017-11-23T16:41:14,0,0,0,0,0.0
330,2215,0,0,2017-11-23T16:41:14,0,0,0,0,0.0
331,2217,0,0,2017-11-23T16:41:14,0,0,0,0,0.0
332,202,1,0,2017-11-23T16:41:14,24,4,440,3,17.44186
333,2000,0,0,2017-11-23T16:41:14,0,0,0,0,0.0
334,1226,1,0,2017-11-23T16:41:14,19,7,330,4,37.127502
335,1227,1,0,2017-11-23T16:41:14,17,4,332,4,37.94643
336,2001,0,0,2017-11-23T16:41:14,0,0,0,0,0.0
337,2002,0,0,2017-11-23T16:41:14,0,0,0,0,0.0
338,2003,0,0,2017-11-23T16:41:14,0,0,0,0,0.0
339,2004,0,0,2017-11-23T16:41:14,0,0,0,0,0.0
340,2005,0,0,2017-11-23T16:41:14,0,0,0,0,0.0
341,2006,0,0,2017-11-23T16:41:14,0,0,0,0,0.0
342,2007,0,0,2017-11-23T16:41:14,0,0,0,0,0.0
343,2008,0,0,2017-11-23T16:41:14,0,0,0,0,0.0
344,2009,0,0,2017-11-23T16:41:14,0,0,0,0,0.0
345,2218,0,0,2017-11-23T16:41:14,0,0,0,0,0.0
346,2219,0,0,2017-11-23T16:41:14,0,0,0,0,0.0
347,2012,0,0,2017-11-23T16:41:14,0,0,0,0,0.0
348,2013,0,0,2017-11-23T16:41:14,0,0,0,0,0.0
349,2220,0,0,2017-11-23T16:41:14,0,0,0,0,0.0
350,2015,0,0,2017-11-23T16:41:14,0,0,0,0,0.0
351,2016,0,0,2017-11-23T16:41:14,0,0,0,0,0.0
352,2017,0,0,2017-11-23T16:41:14,0,0,0,0,0.0
353,2018,0,0,2017-11-23T16:41:14,0,0,0,0,0.0
354,2019,0,0,2017-11-23T16:41:14,0,0,0,0,0.0
355,2020,0,0,2017-11-23T16:41:14,0,0,0,0,0.0
356,2021,0,0,2017-11-23T16:41:14,0,0,0,0,0.0
357,2022,0,0,2017-11-23T16:41:14,0,0,0,0,0.0
358,2023,0,0,2017-11-23T16:41:14,0,0,0,0,0.0
359,2024,0,0,2017-11-23T16:41:14,0,0,0,0,0.0
360,2025,0,0,2017-11-23T16:41:14,0,0,0,0,0.0
361,2026,0,0,2017-11-23T16:41:14,0,0,0,0,0.0
362,2027,0,0,2017-11-23T16:41:14,0,0,0,0,0.0
363,2028,0,0,2017-11-23T16:41:14,0,0,0,0,0.0
364,2029,0,0,2017-11-23T16:41:14,0,0,0,0,0.0
365,2030,0,0,2017-11-23T16:41:14,0,0,0,0,0.0
366,2031,0,0,2017-11-23T16:41:14,0,0,0,0,0.0
367,2032,0,0,2017-11-23T16:41:14,0,0,0,0,0.0
368,2033,0,0,2017-11-23T16:41:14,0,0,0,0,0.0
369,2034,0,0,2017-11-23T16:41:14,0,0,0,0,0.0
370,2035,0,0,2017-11-23T16:41:14,0,0,0,0,0.0
371,2036,0,0,2017-11-23T16:41:14,0,0,0,0,0.0
372,2378,0,0,2017-11-23T16:41:14,0,0,0,0,0.0
373,2379,0,0,2017-11-23T16:41:14,0,0,0,0,0.0
374,2039,0,0,2017-11-23T16:41:14,0,0,0,0,0.0
375,2040,0,0,2017-11-23T16:41:14,0,0,0,0,0.0
376,2041,0,0,2017-11-23T16:41:14,0,0,0,0,0.0
377,2042,0,0,2017-11-23T16:41:14,0,0,0,0,0.0
378,2043,0,0,2017-11-23T16:41:14,0,0,0,0,0.0
379,2044,0,0,2017-11-23T16:41:14,0,0,0,0,0.0
380,2045,0,0,2017-11-23T16:41:14,0,0,0,0,0.0
381,2046,0,0,2017-11-23T16:41:14,0,0,0,0,0.0
382,2047,0,0,2017-11-23T16:41:14,0,0,0,0,0.0
383,2221,0,0,2017-11-23T16:41:14,0,0,0,0,0.0
384,2049,0,0,2017-11-23T16:41:14,0,0,0,0,0.0
385,2050,0,0,2017-11-23T16:41:14,0,0,0,0,0.0
386,2052,0,0,2017-11-23T16:41:14,0,0,0,0,0.0
387,2053,0,0,2017-11-23T16:41:14,0,0,0,0,0.0
388,2054,0,0,2017-11-23T16:41:14,0,0,0,0,0.0
389,2055,0,0,2017-11-23T16:41:14,0,0,0,0,0.0
390,2056,0,0,2017-11-23T16:41:14,0,0,0,0,0.0
391,2058,0,0,2017-11-23T16:41:14,0,0,0,0,0.0
392,2059,0,0,2017-11-23T16:41:14,0,0,0,0,0.0
393,2060,0,0,2017-11-23T16:41:14,0,0,0,0,0.0
394,2061,0,0,2017-11-23T16:41:14,0,0,0,0,0.0
395,2062,0,0,2017-11-23T16:41:14,0,0,0,0,0.0
396,2222,0,0,2017-11-23T16:41:14,0,0,0,0,0.0
397,2064,0,0,2017-11-23T16:41:14,0,0,0,0,0.0
398,2065,0,0,2017-11-23T16:41:14,0,0,0,0,0.0
399,2066,0,0,2017-11-23T16:41:14,0,0,0,0,0.0
400,2067,0,0,2017-11-23T16:41:14,0,0,0,0,0.0
401,2068,0,0,2017-11-23T16:41:14,0,0,0,0,0.0
402,2223,0,0,2017-11-23T16:41:14,0,0,0,0,0.0
403,2070,0,0,2017-11-23T16:41:14,0,0,0,0,0.0
404,2071,0,0,2017-11-23T16:41:14,0,0,0,0,0.0
405,2072,0,0,2017-11-23T16:41:14,0,0,0,0,0.0
406,2073,0,0,2017-11-23T16:41:14,0,0,0,0,0.0
407,2074,0,0,2017-11-23T16:41:14,0,0,0,0,0.0
408,2075,0,0,2017-11-23T16:41:14,0,0,0,0,0.0
409,2076,0,0,2017-11-23T16:41:14,0,0,0,0,0.0
410,2077,0,0,2017-11-23T16:41:14,0,0,0,0,0.0
411,2078,0,0,2017-11-23T16:41:14,0,0,0,0,0.0
412,2079,0,0,2017-11-23T16:41:14,0,0,0,0,0.0
413,2080,0,0,2017-11-23T16:41:14,0,0,0,0,0.0
414,2081,0,0,2017-11-23T16:41:14,0,0,0,0,0.0
415,2082,0,0,2017-11-23T16:41:14,0,0,0,0,0.0
416,2083,0,0,2017-11-23T16:41:14,0,0,0,0,0.0
417,2084,0,0,2017-11-23T16:41:14,0,0,0,0,0.0
418,2085,0,0,2017-11-23T16:41:14,0,0,0,0,0.0
419,2086,0,0,2017-11-23T16:41:14,0,0,0,0,0.0
420,2087,0,0,2017-11-23T16:41:14,0,0,0,0,0.0
421,2088,0,0,2017-11-23T16:41:14,0,0,0,0,0.0
422,2089,0,0,2017-11-23T16:41:14,0,0,0,0,0.0
423,2090,0,0,2017-11-23T16:41:14,0,0,0,0,0.0
424,2091,0,0,2017-11-23T16:41:14,0,0,0,0,0.0
425,2092,0,0,2017-11-23T16:41:14,0,0,0,0,0.0
426,2093,0,0,2017-11-23T16:41:14,0,0,0,0,0.0
427,2094,0,0,2017-11-23T16:41:14,0,0,0,0,0.0
428,2095,0,0,2017-11-23T16:41:14,0,0,0,0,0.0
429,2096,0,0,2017-11-23T16:41:14,0,0,0,0,0.0
430,2097,0,0,2017-11-23T16:41:14,0,0,0,0,0.0
431,2098,0,0,2017-11-23T16:41:14,0,0,0,0,0.0
432,2099,0,0,2017-11-23T16:41:14,0,0,0,0,0.0
433,2100,0,0,2017-11-23T16:41:14,0,0,0,0,0.0
434,2101,0,0,2017-11-23T16:41:14,0,0,0,0,0.0
435,2102,0,0,2017-11-23T16:41:14,0,0,0,0,0.0
436,2103,0,0,2017-11-23T16:41:14,0,0,0,0,0.0
437,2104,0,0,2017-11-23T16:41:14,0,0,0,0,0.0
438,2105,0,0,2017-11-23T16:41:14,0,0,0,0,0.0
439,2106,0,0,2017-11-23T16:41:14,0,0,0,0,0.0
440,2107,0,0,2017-11-23T16:41:14,0,0,0,0,0.0
441,2108,0,0,2017-11-23T16:41:14,0,0,0,0,0.0
442,2109,0,0,2017-11-23T16:41:14,0,0,0,0,0.0
443,2110,0,0,2017-11-23T16:41:14,0,0,0,0,0.0
444,2111,0,0,2017-11-23T16:41:14,0,0,0,0,0.0
445,2112,0,0,2017-11-23T16:41:14,0,0,0,0,0.0
446,2113,0,0,2017-11-23T16:41:14,0,0,0,0,0.0
447,2114,0,0,2017-11-23T16:41:14,0,0,0,0,0.0
448,2115,0,0,2017-11-23T16:41:14,0,0,0,0,0.0
449,2116,0,0,2017-11-23T16:41:14,0,0,0,0,0.0
450,2117,0,0,2017-11-23T16:41:14,0,0,0,0,0.0
451,2118,0,0,2017-11-23T16:41:14,0,0,0,0,0.0
452,2119,0,0,2017-11-23T16:41:14,0,0,0,0,0.0
453,2120,0,0,2017-11-23T16:41:14,0,0,0,0,0.0
454,2121,0,0,2017-11-23T16:41:14,0,0,0,0,0.0
455,2122,0,0,2017-11-23T16:41:14,0,0,0,0,0.0
456,2123,0,0,2017-11-23T16:41:14,0,0,0,0,0.0
457,2124,0,0,2017-11-23T16:41:14,0,0,0,0,0.0
458,2125,0,0,2017-11-23T16:41:14,0,0,0,0,0.0
459,2126,0,0,2017-11-23T16:41:14,0,0,0,0,0.0
460,2127,0,0,2017-11-23T16:41:14,0,0,0,0,0.0
461,2128,0,0,2017-11-23T16:41:14,0,0,0,0,0.0
462,2129,0,0,2017-11-23T16:41:14,0,0,0,0,0.0
463,2130,0,0,2017-11-23T16:41:14,0,0,0,0,0.0
464,2131,0,0,2017-11-23T16:41:14,0,0,0,0,0.0
465,2132,0,0,2017-11-23T16:41:14,0,0,0,0,0.0
466,2133,0,0,2017-11-23T16:41:14,0,0,0,0,0.0
467,2134,0,0,2017-11-23T16:41:14,0,0,0,0,0.0
468,2135,0,0,2017-11-23T16:41:14,0,0,0,0,0.0
469,2136,0,0,2017-11-23T16:41:14,0,0,0,0,0.0
470,2137,0,0,2017-11-23T16:41:14,0,0,0,0,0.0
471,2138,0,0,2017-11-23T16:41:14,0,0,0,0,0.0
472,2139,0,0,2017-11-23T16:41:14,0,0,0,0,0.0
473,2140,0,0,2017-11-23T16:41:14,0,0,0,0,0.0
474,2141,0,0,2017-11-23T16:41:14,0,0,0,0,0.0
475,2142,0,0,2017-11-23T16:41:14,0,0,0,0,0.0
476,2143,0,0,2017-11-23T16:41:14,0,0,0,0,0.0
477,2144,0,0,2017-11-23T16:41:14,0,0,0,0,0.0
478,2145,0,0,2017-11-23T16:41:14,0,0,0,0,0.0
479,2146,0,0,2017-11-23T16:41:14,0,0,0,0,0.0
480,2147,0,0,2017-11-23T16:41:14,0,0,0,0,0.0
481,2148,0,0,2017-11-23T16:41:14,0,0,0,0,0.0
482,2149,0,0,2017-11-23T16:41:14,0,0,0,0,0.0
483,2150,0,0,2017-11-23T16:41:14,0,0,0,0,0.0
484,2151,0,0,2017-11-23T16:41:14,0,0,0,0,0.0
485,2152,0,0,2017-11-23T16:41:14,0,0,0,0,0.0
486,2153,0,0,2017-11-23T16:41:14,0,0,0,0,0.0
487,2154,0,0,2017-11-23T16:41:14,0,0,0,0,0.0
488,2155,0,0,2017-11-23T16:41:14,0,0,0,0,0.0
489,2156,0,0,2017-11-23T16:41:14,0,0,0,0,0.0
490,2157,0,0,2017-11-23T16:41:14,0,0,0,0,0.0
491,2158,0,0,2017-11-23T16:41:14,0,0,0,0,0.0
492,2159,0,0,2017-11-23T16:41:14,0,0,0,0,0.0
493,2160,0,0,2017-11-23T16:41:14,0,0,0,0,0.0
494,2161,0,0,2017-11-23T16:41:14,0,0,0,0,0.0
495,2162,0,0,2017-11-23T16:41:14,0,0,0,0,0.0
496,2163,0,0,2017-11-23T16:41:14,0,0,0,0,0.0
497,2164,0,0,2017-11-23T16:41:14,0,0,0,0,0.0
498,2165,0,0,2017-11-23T16:41:14,0,0,0,0,0.0
499,2166,0,0,2017-11-23T16:41:14,0,0,0,0,0.0
500,2167,0,0,2017-11-23T16:41:14,0,0,0,0,0.0
501,2168,0,0,2017-11-23T16:41:14,0,0,0,0,0.0
502,2169,0,0,2017-11-23T16:41:14,0,0,0,0,0.0
503,2170,0,0,2017-11-23T16:41:14,0,0,0,0,0.0
504,2171,0,0,2017-11-23T16:41:14,0,0,0,0,0.0
505,2172,0,0,2017-11-23T16:41:14,0,0,0,0,0.0
506,2173,0,0,2017-11-23T16:41:14,0,0,0,0,0.0
507,2174,0,0,2017-11-23T16:41:14,0,0,0,0,0.0
508,2175,0,0,2017-11-23T16:41:14,0,0,0,0,0.0
509,2176,0,0,2017-11-23T16:41:14,0,0,0,0,0.0
510,2177,0,0,2017-11-23T16:41:14,0,0,0,0,0.0
511,2178,0,0,2017-11-23T16:41:14,0,0,0,0,0.0
512,2179,0,0,2017-11-23T16:41:14,0,0,0,0,0.0
513,2180,0,0,2017-11-23T16:41:14,0,0,0,0,0.0
514,2181,0,0,2017-11-23T16:41:14,0,0,0,0,0.0
515,2182,0,0,2017-11-23T16:41:14,0,0,0,0,0.0
516,2183,0,0,2017-11-23T16:41:14,0,0,0,0,0.0
517,2184,0,0,2017-11-23T16:41:14,0,0,0,0,0.0
518,2185,0,0,2017-11-23T16:41:14,0,0,0,0,0.0
519,2186,0,0,2017-11-23T16:41:14,0,0,0,0,0.0
520,2187,0,0,2017-11-23T16:41:14,0,0,0,0,0.0
521,2188,0,0,2017-11-23T16:41:14,0,0,0,0,0.0
522,2189,0,0,2017-11-23T16:41:14,0,0,0,0,0.0
523,2190,0,0,2017-11-23T16:41:14,0,0,0,0,0.0
524,2191,0,0,2017-11-23T16:41:14,0,0,0,0,0.0
525,2193,0,0,2017-11-23T16:41:14,0,0,0,0,0.0
526,2194,0,0,2017-11-23T16:41:14,0,0,0,0,0.0
527,2195,0,0,2017-11-23T16:41:14,0,0,0,0,0.0
528,2196,0,0,2017-11-23T16:41:14,0,0,0,0,0.0
529,2197,0,0,2017-11-23T16:41:14,0,0,0,0,0.0
530,2198,0,0,2017-11-23T16:41:14,0,0,0,0,0.0
531,2199,0,0,2017-11-23T16:41:14,0,0,0,0,0.0
532,2200,0,0,2017-11-23T16:41:14,0,0,0,0,0.0
533,2201,0,0,2017-11-23T16:41:14,0,0,0,0,0.0
534,2202,0,0,2017-11-23T16:41:14,0,0,0,0,0.0
535,2203,0,0,2017-11-23T16:41:14,0,0,0,0,0.0
536,2204,0,0,2017-11-23T16:41:14,0,0,0,0,0.0
537,2205,0,0,2017-11-23T16:41:14,0,0,0,0,0.0
538,2206,0,0,2017-11-23T16:41:14,0,0,0,0,0.0
539,2207,0,0,2017-11-23T16:41:14,0,0,0,0,0.0
540,2208,0,0,2017-11-23T16:41:14,0,0,0,0,0.0
541,2209,0,0,2017-11-23T16:41:14,0,0,0,0,0.0
542,2224,0,0,2017-11-23T16:41:14,0,0,0,0,0.0
543,2225,0,0,2017-11-23T16:41:14,0,0,0,0,0.0
544,2226,0,0,2017-11-23T16:41:14,0,0,0,0,0.0
545,726,1,0,2017-11-23T16:41:14,20,6,352,5,18.69159
546,727,1,0,2017-11-23T16:41:14,16,5,414,7,18.181818
547,2227,0,0,2017-11-23T16:41:14,0,0,0,0,0.0
548,2228,0,0,2017-11-23T16:41:14,0,0,0,0,0.0
549,2229,0,0,2017-11-23T16:41:14,0,0,0,0,0.0
550,2230,0,0,2017-11-23T16:41:14,0,0,0,0,0.0
551,2231,0,0,2017-11-23T16:41:14,0,0,0,0,0.0
552,2232,0,0,2017-11-23T16:41:14,0,0,0,0,0.0
553,2233,0,0,2017-11-23T16:41:14,0,0,0,0,0.0
554,2234,0,0,2017-11-23T16:41:14,0,0,0,0,0.0
555,2235,0,0,2017-11-23T16:41:14,0,0,0,0,0.0
556,2236,0,0,2017-11-23T16:41:14,0,0,0,0,0.0
557,2237,0,0,2017-11-23T16:41:14,0,0,0,0,0.0
558,2238,0,0,2017-11-23T16:41:14,0,0,0,0,0.0
559,2239,0,0,2017-11-23T16:41:14,0,0,0,0,0.0
560,2240,0,0,2017-11-23T16:41:14,0,0,0,0,0.0
561,2241,0,0,2017-11-23T16:41:14,0,0,0,0,0.0
562,2242,0,0,2017-11-23T16:41:14,0,0,0,0,0.0
563,2243,0,0,2017-11-23T16:41:14,0,0,0,0,0.0
564,2244,0,0,2017-11-23T16:41:14,0,0,0,0,0.0
565,2245,0,0,2017-11-23T16:41:14,0,0,0,0,0.0
566,2246,0,0,2017-11-23T16:41:14,0,0,0,0,0.0
567,2247,0,0,2017-11-23T16:41:14,0,0,0,0,0.0
568,2248,0,0,2017-11-23T16:41:14,0,0,0,0,0.0
569,2249,0,0,2017-11-23T16:41:14,0,0,0,0,0.0
570,2250,0,0,2017-11-23T16:41:14,0,0,0,0,0.0
571,2251,0,0,2017-11-23T16:41:14,0,0,0,0,0.0
572,2252,0,0,2017-11-23T16:41:14,0,0,0,0,0.0
573,2253,0,0,2017-11-23T16:41:14,0,0,0,0,0.0
574,2254,0,0,2017-11-23T16:41:14,0,0,0,0,0.0
575,2255,0,0,2017-11-23T16:41:14,0,0,0,0,0.0
576,2256,0,0,2017-11-23T16:41:14,0,0,0,0,0.0
577,2257,0,0,2017-11-23T16:41:14,0,0,0,0,0.0
578,2258,0,0,2017-11-23T16:41:14,0,0,0,0,0.0
579,2259,0,0,2017-11-23T16:41:14,0,0,0,0,0.0
580,2260,0,0,2017-11-23T16:41:14,0,0,0,0,0.0
581,2261,0,0,2017-11-23T16:41:14,0,0,0,0,0.0
582,2262,0,0,2017-11-23T16:41:14,0,0,0,0,0.0
583,2263,0,0,2017-11-23T16:41:14,0,0,0,0,0.0
584,2264,0,0,2017-11-23T16:41:14,0,0,0,0,0.0
585,2265,0,0,2017-11-23T16:41:14,0,0,0,0,0.0
586,2266,0,0,2017-11-23T16:41:14,0,0,0,0,0.0
587,2267,0,0,2017-11-23T16:41:14,0,0,0,0,0.0
588,2268,0,0,2017-11-23T16:41:14,0,0,0,0,0.0
589,2269,0,0,2017-11-23T16:41:14,0,0,0,0,0.0
590,2270,0,0,2017-11-23T16:41:14,0,0,0,0,0.0
591,2271,0,0,2017-11-23T16:41:14,0,0,0,0,0.0
592,2272,0,0,2017-11-23T16:41:14,0,0,0,0,0.0
593,2273,0,0,2017-11-23T16:41:14,0,0,0,0,0.0
594,2274,0,0,2017-11-23T16:41:14,0,0,0,0,0.0
595,2275,0,0,2017-11-23T16:41:14,0,0,0,0,0.0
596,2276,0,0,2017-11-23T16:41:14,0,0,0,0,0.0
597,2277,0,0,2017-11-23T16:41:14,0,0,0,0,0.0
598,2278,0,0,2017-11-23T16:41:14,0,0,0,0,0.0
599,2279,0,0,2017-11-23T16:41:14,0,0,0,0,0.0
600,2280,0,0,2017-11-23T16:41:14,0,0,0,0,0.0
601,2281,0,0,2017-11-23T16:41:14,0,0,0,0,0.0
602,2282,0,0,2017-11-23T16:41:14,0,0,0,0,0.0
603,2283,0,0,2017-11-23T16:41:14,0,0,0,0,0.0
604,2284,0,0,2017-11-23T16:41:14,0,0,0,0,0.0
605,2285,0,0,2017-11-23T16:41:14,0,0,0,0,0.0
606,2286,0,0,2017-11-23T16:41:14,0,0,0,0,0.0
607,2287,0,0,2017-11-23T16:41:14,0,0,0,0,0.0
608,2288,0,0,2017-11-23T16:41:14,0,0,0,0,0.0
609,2289,0,0,2017-11-23T16:41:14,0,0,0,0,0.0
610,2290,0,0,2017-11-23T16:41:14,0,0,0,0,0.0
611,2291,0,0,2017-11-23T16:41:14,0,0,0,0,0.0
612,2292,0,0,2017-11-23T16:41:14,0,0,0,0,0.0
613,2293,0,0,2017-11-23T16:41:14,0,0,0,0,0.0
614,2294,0,0,2017-11-23T16:41:14,0,0,0,0,0.0
615,2295,0,0,2017-11-23T16:41:14,0,0,0,0,0.0
616,2296,0,0,2017-11-23T16:41:14,0,0,0,0,0.0
617,2297,0,0,2017-11-23T16:41:14,0,0,0,0,0.0
618,2298,0,0,2017-11-23T16:41:14,0,0,0,0,0.0
619,2299,0,0,2017-11-23T16:41:14,0,0,0,0,0.0
620,2300,0,0,2017-11-23T16:41:14,0,0,0,0,0.0
621,2301,0,0,2017-11-23T16:41:14,0,0,0,0,0.0
622,2302,0,0,2017-11-23T16:41:14,0,0,0,0,0.0
623,2303,0,0,2017-11-23T16:41:14,0,0,0,0,0.0
624,2304,0,0,2017-11-23T16:41:14,0,0,0,0,0.0
625,2305,0,0,2017-11-23T16:41:14,0,0,0,0,0.0
626,2306,0,0,2017-11-23T16:41:14,0,0,0,0,0.0
627,2307,0,0,2017-11-23T16:41:14,0,0,0,0,0.0
628,2308,0,0,2017-11-23T16:41:14,0,0,0,0,0.0
629,2309,0,0,2017-11-23T16:41:14,0,0,0,0,0.0
630,2310,0,0,2017-11-23T16:41:14,0,0,0,0,0.0
631,2311,0,0,2017-11-23T16:41:14,0,0,0,0,0.0
632,2312,0,0,2017-11-23T16:41:14,0,0,0,0,0.0
633,2313,0,0,2017-11-23T16:41:14,0,0,0,0,0.0
634,2314,0,0,2017-11-23T16:41:14,0,0,0,0,0.0
635,2315,0,0,2017-11-23T16:41:14,0,0,0,0,0.0
636,2316,0,0,2017-11-23T16:41:14,0,0,0,0,0.0
637,2317,0,0,2017-11-23T16:41:14,0,0,0,0,0.0
638,2318,0,0,2017-11-23T16:41:14,0,0,0,0,0.0
639,2319,0,0,2017-11-23T16:41:14,0,0,0,0,0.0
640,2320,0,0,2017-11-23T16:41:14,0,0,0,0,0.0
641,2321,0,0,2017-11-23T16:41:14,0,0,0,0,0.0
642,2322,0,0,2017-11-23T16:41:14,0,0,0,0,0.0
643,2323,0,0,2017-11-23T16:41:14,0,0,0,0,0.0
644,2324,0,0,2017-11-23T16:41:14,0,0,0,0,0.0
645,2325,0,0,2017-11-23T16:41:14,0,0,0,0,0.0
646,2326,0,0,2017-11-23T16:41:14,0,0,0,0,0.0
647,2327,0,0,2017-11-23T16:41:14,0,0,0,0,0.0
648,2328,0,0,2017-11-23T16:41:14,0,0,0,0,0.0
649,2329,0,0,2017-11-23T16:41:14,0,0,0,0,0.0
650,2330,0,0,2017-11-23T16:41:14,0,0,0,0,0.0
651,2331,0,0,2017-11-23T16:41:14,0,0,0,0,0.0
652,2332,0,0,2017-11-23T16:41:14,0,0,0,0,0.0
653,2333,0,0,2017-11-23T16:41:14,0,0,0,0,0.0
654,2334,0,0,2017-11-23T16:41:14,0,0,0,0,0.0
655,2335,0,0,2017-11-23T16:41:14,0,0,0,0,0.0
656,2336,0,0,2017-11-23T16:41:14,0,0,0,0,0.0
657,2337,0,0,2017-11-23T16:41:14,0,0,0,0,0.0
658,2338,0,0,2017-11-23T16:41:14,0,0,0,0,0.0
659,2339,0,0,2017-11-23T16:41:14,0,0,0,0,0.0
660,2340,0,0,2017-11-23T16:41:14,0,0,0,0,0.0
661,2341,0,0,2017-11-23T16:41:14,0,0,0,0,0.0
662,2342,0,0,2017-11-23T16:41:14,0,0,0,0,0.0
663,2343,0,0,2017-11-23T16:41:14,0,0,0,0,0.0
664,2344,0,0,2017-11-23T16:41:14,0,0,0,0,0.0
665,2345,0,0,2017-11-23T16:41:14,0,0,0,0,0.0
666,2346,0,0,2017-11-23T16:41:14,0,0,0,0,0.0
667,2347,0,0,2017-11-23T16:41:14,0,0,0,0,0.0
668,2348,0,0,2017-11-23T16:41:14,0,0,0,0,0.0
669,2349,0,0,2017-11-23T16:41:14,0,0,0,0,0.0
670,2350,0,0,2017-11-23T16:41:14,0,0,0,0,0.0
671,2351,0,0,2017-11-23T16:41:14,0,0,0,0,0.0
672,2353,0,0,2017-11-23T16:41:14,0,0,0,0,0.0
673,2354,0,0,2017-11-23T16:41:14,0,0,0,0,0.0
674,2355,0,0,2017-11-23T16:41:14,0,0,0,0,0.0
675,2356,0,0,2017-11-23T16:41:14,0,0,0,0,0.0
676,2357,0,0,2017-11-23T16:41:14,0,0,0,0,0.0
677,2358,0,0,2017-11-23T16:41:14,0,0,0,0,0.0
678,2359,0,0,2017-11-23T16:41:14,0,0,0,0,0.0
679,2360,0,0,2017-11-23T16:41:14,0,0,0,0,0.0
680,2361,0,0,2017-11-23T16:41:14,0,0,0,0,0.0
681,2362,0,0,2017-11-23T16:41:14,0,0,0,0,0.0
682,2363,0,0,2017-11-23T16:41:14,0,0,0,0,0.0
683,2364,0,0,2017-11-23T16:41:14,0,0,0,0,0.0
684,2365,0,0,2017-11-23T16:41:14,0,0,0,0,0.0
685,2366,0,0,2017-11-23T16:41:14,0,0,0,0,0.0
686,2367,0,0,2017-11-23T16:41:14,0,0,0,0,0.0
687,2368,0,0,2017-11-23T16:41:14,0,0,0,0,0.0
688,2369,0,0,2017-11-23T16:41:14,0,0,0,0,0.0
689,2370,0,0,2017-11-23T16:41:14,0,0,0,0,0.0
690,2371,0,0,2017-11-23T16:41:14,0,0,0,0,0.0
691,2373,0,0,2017-11-23T16:41:14,0,0,0,0,0.0
692,2376,0,0,2017-11-23T16:41:14,0,0,0,0,0.0
693,2377,0,0,2017-11-23T16:41:14,0,0,0,0,0.0
694,2380,0,0,2017-11-23T16:41:14,0,0,0,0,0.0
695,2381,0,0,2017-11-23T16:41:14,0,0,0,0,0.0
696,2382,0,0,2017-11-23T16:41:14,0,0,0,0,0.0
697,2383,0,0,2017-11-23T16:41:14,0,0,0,0,0.0
698,2384,0,0,2017-11-23T16:41:14,0,0,0,0,0.0
699,2385,0,0,2017-11-23T16:41:14,0,0,0,0,0.0
700,340,1,0,2017-11-23T16:41:14,20,11,156,3,36.036037
701,346,1,0,2017-11-23T16:41:14,19,5,276,5,37.90524
702,347,1,0,2017-11-23T16:41:14,25,11,404,8,37.523453
703,2387,0,0,2017-11-23T16:41:14,0,0,0,0,0.0
704,2389,0,0,2017-11-23T16:41:14,0,0,0,0,0.0
705,1146,2,0,2017-11-23T16:41:14,10,22,322,20,4.1753654
706,1147,1,0,2017-11-23T16:41:14,26,6,418,4,21.469858
707,5000,2,0,2017-11-23T16:41:14,0,-1,0,-1,0.0
708,5001,2,0,2017-11-23T16:41:14,0,-1,0,-1,0.0
709,5002,3,0,2017-11-23T16:41:14,0,-1,0,-1,0.0
710,5003,1,0,2017-11-23T16:41:14,0,-1,0,-1,0.0
711,5004,2,0,2017-11-23T16:41:14,0,-1,0,-1,0.0
712,5005,3,0,2017-11-23T16:41:14,0,-1,0,-1,0.0
713,5006,1,0,2017-11-23T16:41:14,0,-1,0,-1,0.0
714,5007,1,0,2017-11-23T16:41:14,0,-1,0,-1,0.0
715,5008,1,0,2017-11-23T16:41:14,0,-1,0,-1,0.0
716,5009,1,0,2017-11-23T16:41:14,0,-1,0,-1,0.0
717,5010,2,0,2017-11-23T16:41:14,0,-1,0,-1,0.0
718,5011,3,0,2017-11-23T16:41:14,0,-1,0,-1,0.0
719,5012,3,0,2017-11-23T16:41:14,0,-1,0,-1,0.0
720,5013,1,0,2017-11-23T16:41:14,0,-1,0,-1,0.0
721,5014,3,0,2017-11-23T16:41:14,0,-1,0,-1,0.0
722,5015,3,0,2017-11-23T16:41:14,0,-1,0,-1,0.0
723,5016,2,0,2017-11-23T16:41:14,0,-1,0,-1,0.0
724,5017,3,0,2017-11-23T16:41:14,0,-1,0,-1,0.0
725,5019,3,0,2017-11-23T16:41:14,0,-1,0,-1,0.0
726,5020,1,0,2017-11-23T16:41:14,0,-1,0,-1,0.0
727,5021,2,0,2017-11-23T16:41:14,0,-1,0,-1,0.0
728,5022,1,0,2017-11-23T16:41:14,0,-1,0,-1,0.0
729,5024,2,0,2017-11-23T16:41:14,0,-1,0,-1,0.0
730,5025,1,0,2017-11-23T16:41:14,0,-1,0,-1,0.0
731,5026,2,0,2017-11-23T16:41:14,0,-1,0,-1,0.0
732,5027,2,0,2017-11-23T16:41:14,0,-1,0,-1,0.0
733,5028,1,0,2017-11-23T16:41:14,35,12,882,12,17.766497
734,5029,1,0,2017-11-23T16:41:14,34,10,576,5,19.263456
735,5030,1,0,2017-11-23T16:41:14,42,5,1098,7,21.026283
736,5031,1,0,2017-11-23T16:41:14,51,7,742,4,19.723484
737,5032,1,0,2017-11-23T16:41:14,0,-1,0,-1,0.0
738,5033,2,0,2017-11-23T16:41:14,0,-1,0,-1,0.0
739,5034,1,0,2017-11-23T16:41:14,0,-1,0,-1,0.0
740,5035,1,0,2017-11-23T16:41:14,0,-1,0,-1,0.0
741,5036,2,0,2017-11-23T16:41:14,0,-1,0,-1,0.0
742,5037,2,0,2017-11-23T16:41:14,0,-1,0,-1,0.0
743,5038,1,0,2017-11-23T16:41:14,0,-1,0,-1,0.0
744,5039,1,0,2017-11-23T16:41:14,0,-1,0,-1,0.0
745,5042,1,0,2017-11-23T16:41:14,0,-1,0,-1,0.0
746,5043,2,0,2017-11-23T16:41:14,0,-1,0,-1,0.0
747,5044,1,0,2017-11-23T16:41:14,0,-1,0,-1,0.0
748,5045,1,0,2017-11-23T16:41:14,0,-1,0,-1,0.0
749,5046,1,0,2017-11-23T16:41:14,0,-1,0,-1,0.0
750,5047,1,0,2017-11-23T16:41:14,0,-1,0,-1,0.0
751,5048,1,0,2017-11-23T16:41:14,0,-1,0,-1,0.0
752,5049,1,0,2017-11-23T16:41:14,0,-1,0,-1,0.0
753,5050,1,0,2017-11-23T16:41:14,0,-1,0,-1,0.0
754,5051,1,0,2017-11-23T16:41:14,0,-1,0,-1,0.0
755,5052,1,0,2017-11-23T16:41:14,0,-1,0,-1,0.0
756,5053,1,0,2017-11-23T16:41:14,0,-1,0,-1,0.0
757,5054,3,0,2017-11-23T16:41:14,0,-1,0,-1,0.0
758,5055,0,0,2017-11-23T16:41:14,0,0,0,0,0.0
759,5056,1,0,2017-11-23T16:41:14,0,-1,0,-1,0.0
760,5057,1,0,2017-11-23T16:41:14,0,-1,0,-1,0.0
761,5058,2,0,2017-11-23T16:41:14,0,-1,0,-1,0.0
762,5059,1,0,2017-11-23T16:41:14,0,-1,0,-1,0.0
763,5060,2,0,2017-11-23T16:41:14,0,-1,0,-1,0.0
764,5061,1,0,2017-11-23T16:41:14,0,-1,0,-1,0.0
765,5062,1,0,2017-11-23T16:41:14,0,-1,0,-1,0.0
766,5063,1,0,2017-11-23T16:41:14,0,-1,0,-1,0.0
767,5064,1,0,2017-11-23T16:41:14,0,-1,0,-1,0.0
768,5065,1,0,2017-11-23T16:41:14,0,-1,0,-1,0.0
769,5066,2,0,2017-11-23T16:41:14,0,-1,0,-1,0.0
770,5067,1,0,2017-11-23T16:41:14,0,-1,0,-1,0.0
771,5068,0,0,2017-11-23T16:41:14,0,0,0,0,0.0
772,5069,1,0,2017-11-23T16:41:14,0,-1,0,-1,0.0
773,5070,1,0,2017-11-23T16:41:14,0,-1,0,-1,0.0
774,5071,1,0,2017-11-23T16:41:14,0,-1,0,-1,0.0
775,5072,1,0,2017-11-23T16:41:14,0,-1,0,-1,0.0
776,5073,1,0,2017-11-23T16:41:14,0,-1,0,-1,0.0
777,5074,0,0,2017-11-23T16:41:14,0,0,0,0,0.0
778,5075,1,0,2017-11-23T16:41:14,0,-1,0,-1,0.0
779,5076,1,0,2017-11-23T16:41:14,0,-1,0,-1,0.0
780,5077,1,0,2017-11-23T16:41:14,0,-1,0,-1,0.0
781,5078,2,0,2017-11-23T16:41:14,0,-1,0,-1,0.0
782,5079,2,0,2017-11-23T16:41:14,0,-1,0,-1,0.0
783,5080,1,0,2017-11-23T16:41:14,0,-1,0,-1,0.0
784,5081,1,0,2017-11-23T16:41:14,0,-1,0,-1,0.0
785,5082,0,0,2017-11-23T16:41:14,0,0,0,0,0.0
786,5083,2,0,2017-11-23T16:41:14,0,-1,0,-1,0.0
787,5084,2,0,2017-11-23T16:41:14,0,-1,0,-1,0.0
788,5085,1,0,2017-11-23T16:41:14,0,-1,0,-1,0.0
789,5086,1,0,2017-11-23T16:41:14,0,-1,0,-1,0.0
790,5087,1,0,2017-11-23T16:41:14,0,-1,0,-1,0.0
791,5088,0,0,2017-11-23T16:41:14,0,0,0,0,0.0
792,5089,1,0,2017-11-23T16:41:14,0,-1,0,-1,0.0
793,5090,1,0,2017-11-23T16:41:14,0,-1,0,-1,0.0
794,5091,1,0,2017-11-23T16:41:14,0,-1,0,-1,0.0
795,5092,1,0,2017-11-23T16:41:14,0,-1,0,-1,0.0
796,5093,1,0,2017-11-23T16:41:14,0,-1,0,-1,0.0
797,5094,1,0,2017-11-23T16:41:14,0,-1,0,-1,0.0
798,5095,2,0,2017-11-23T16:41:14,0,-1,0,-1,0.0
799,5096,2,0,2017-11-23T16:41:14,0,-1,0,-1,0.0
800,5097,1,0,2017-11-23T16:41:14,0,-1,0,-1,0.0
801,5098,1,0,2017-11-23T16:41:14,0,-1,0,-1,0.0
802,5099,1,0,2017-11-23T16:41:14,0,-1,0,-1,0.0
803,5100,1,0,2017-11-23T16:41:14,0,-1,0,-1,0.0
804,5101,2,0,2017-11-23T16:41:14,0,-1,0,-1,0.0
805,5102,1,0,2017-11-23T16:41:14,0,-1,0,-1,0.0
806,5103,1,0,2017-11-23T16:41:14,0,-1,0,-1,0.0
807,5104,1,0,2017-11-23T16:41:14,0,-1,0,-1,0.0
808,5105,3,0,2017-11-23T16:41:14,0,-1,0,-1,0.0
809,5106,1,0,2017-11-23T16:41:14,0,-1,0,-1,0.0
810,842,1,0,2017-11-23T16:41:14,35,6,618,4,39.660053
811,5200,0,0,2017-11-23T16:41:14,0,0,0,0,0.0
812,5201,1,0,2017-11-23T16:41:14,0,-1,0,-1,0.0
813,5202,1,0,2017-11-23T16:41:14,0,-1,0,-1,0.0
814,5203,3,0,2017-11-23T16:41:14,0,-1,0,-1,0.0
815,5204,1,0,2017-11-23T16:41:14,0,-1,0,-1,0.0
816,5205,1,0,2017-11-23T16:41:14,0,-1,0,-1,0.0
817,4500,2,0,2017-11-23T16:41:14,0,-1,0,-1,0.0
818,4501,0,0,2017-11-23T16:41:14,0,0,0,0,0.0
819,4502,2,0,2017-11-23T16:41:14,0,-1,0,-1,0.0
820,4503,1,0,2017-11-23T16:41:14,0,-1,0,-1,0.0
821,4504,3,0,2017-11-23T16:41:14,0,-1,0,-1,0.0
822,4505,2,0,2017-11-23T16:41:14,0,-1,0,-1,0.0
823,4510,0,0,2017-11-23T16:41:14,0,0,0,0,0.0
824,4511,3,0,2017-11-23T16:41:14,0,-1,0,-1,0.0
825,4512,2,0,2017-11-23T16:41:14,0,-1,0,-1,0.0
826,4513,2,0,2017-11-23T16:41:14,0,-1,0,-1,0.0
827,4514,2,0,2017-11-23T16:41:14,0,-1,0,-1,0.0
828,4515,2,0,2017-11-23T16:41:14,0,-1,0,-1,0.0
829,4517,2,0,2017-11-23T16:41:14,0,-1,0,-1,0.0
830,4999,1,0,2017-11-23T16:41:14,0,-1,0,-1,0.0
831,4998,1,0,2017-11-23T16:41:14,0,-1,0,-1,0.0
832,5150,1,0,2017-11-23T16:41:14,0,-1,0,-1,0.0
833,5152,1,0,2017-11-23T16:41:14,0,-1,0,-1,0.0
834,5151,1,0,2017-11-23T16:41:14,0,-1,0,-1,0.0
835,5206,1,0,2017-11-23T16:41:14,0,-1,0,-1,0.0
836,5207,1,0,2017-11-23T16:41:14,0,-1,0,-1,0.0
837,5208,0,0,2017-11-23T16:41:14,0,0,0,0,0.0
838,5209,1,0,2017-11-23T16:41:14,0,-1,0,-1,0.0
839,5210,1,0,2017-11-23T16:41:14,0,-1,0,-1,0.0
840,5211,1,0,2017-11-23T16:41:14,0,-1,0,-1,0.0
841,356,1,0,2017-11-23T16:41:14,32,9,544,7,19.65602
842,357,1,0,2017-11-23T16:41:14,15,4,402,5,19.736843
843,5300,1,0,2017-11-23T16:41:14,0,-1,0,-1,0.0
844,5301,1,0,2017-11-23T16:41:14,0,-1,0,-1,0.0
845,734,1,0,2017-11-23T16:41:14,32,9,642,9,39.119804
846,735,1,0,2017-11-23T16:41:14,46,6,874,5,40.31551
847,2192,0,0,2017-11-23T16:41:14,0,0,0,0,0.0
848,2392,0,0,2017-11-23T16:41:14,0,0,0,0,0.0
849,2393,0,0,2017-11-23T16:41:14,0,0,0,0,0.0
850,2394,0,0,2017-11-23T16:41:14,0,0,0,0,0.0
851,2395,0,0,2017-11-23T16:41:14,0,0,0,0,0.0
852,2396,0,0,2017-11-23T16:41:14,0,0,0,0,0.0
853,2397,0,0,2017-11-23T16:41:14,0,0,0,0,0.0
854,2398,0,0,2017-11-23T16:41:14,0,0,0,0,0.0
855,2399,0,0,2017-11-23T16:41:14,0,0,0,0,0.0
856,2400,0,0,2017-11-23T16:41:14,0,0,0,0,0.0
857,2401,0,0,2017-11-23T16:41:14,0,0,0,0,0.0
858,2402,0,0,2017-11-23T16:41:14,0,0,0,0,0.0
859,2403,0,0,2017-11-23T16:41:14,0,0,0,0,0.0
860,2404,0,0,2017-11-23T16:41:14,0,0,0,0,0.0
861,2405,0,0,2017-11-23T16:41:14,0,0,0,0,0.0
862,2406,0,0,2017-11-23T16:41:14,0,0,0,0,0.0
863,2407,0,0,2017-11-23T16:41:14,0,0,0,0,0.0
864,2408,0,0,2017-11-23T16:41:14,0,0,0,0,0.0
865,2409,0,0,2017-11-23T16:41:14,0,0,0,0,0.0
866,2410,0,0,2017-11-23T16:41:14,0,0,0,0,0.0
867,2411,0,0,2017-11-23T16:41:14,0,0,0,0,0.0
868,2412,0,0,2017-11-23T16:41:14,0,0,0,0,0.0
869,2413,0,0,2017-11-23T16:41:14,0,0,0,0,0.0
870,2414,0,0,2017-11-23T16:41:14,0,0,0,0,0.0
871,2415,0,0,2017-11-23T16:41:14,0,0,0,0,0.0
872,2416,0,0,2017-11-23T16:41:14,0,0,0,0,0.0
873,2417,0,0,2017-11-23T16:41:14,0,0,0,0,0.0
874,2418,0,0,2017-11-23T16:41:14,0,0,0,0,0.0
875,2419,0,0,2017-11-23T16:41:14,0,0,0,0,0.0
876,2420,0,0,2017-11-23T16:41:14,0,0,0,0,0.0
877,2421,0,0,2017-11-23T16:41:14,0,0,0,0,0.0
878,2422,0,0,2017-11-23T16:41:14,0,0,0,0,0.0
879,2423,0,0,2017-11-23T16:41:14,0,0,0,0,0.0
880,2424,0,0,2017-11-23T16:41:14,0,0,0,0,0.0
881,2425,0,0,2017-11-23T16:41:14,0,0,0,0,0.0
882,2426,0,0,2017-11-23T16:41:14,0,0,0,0,0.0
883,2427,0,0,2017-11-23T16:41:14,0,0,0,0,0.0
884,2428,0,0,2017-11-23T16:41:14,0,0,0,0,0.0
885,2429,0,0,2017-11-23T16:41:14,0,0,0,0,0.0
886,2430,0,0,2017-11-23T16:41:14,0,0,0,0,0.0
887,2431,0,0,2017-11-23T16:41:14,0,0,0,0,0.0
888,2432,0,0,2017-11-23T16:41:14,0,0,0,0,0.0
889,2433,0,0,2017-11-23T16:41:14,0,0,0,0,0.0
890,2434,0,0,2017-11-23T16:41:14,0,0,0,0,0.0
891,2435,0,0,2017-11-23T16:41:14,0,0,0,0,0.0
892,2436,0,0,2017-11-23T16:41:14,0,0,0,0,0.0
893,2437,0,0,2017-11-23T16:41:14,0,0,0,0,0.0
894,2438,0,0,2017-11-23T16:41:14,0,0,0,0,0.0
895,2439,0,0,2017-11-23T16:41:14,0,0,0,0,0.0
896,2440,0,0,2017-11-23T16:41:14,0,0,0,0,0.0
897,2441,0,0,2017-11-23T16:41:14,0,0,0,0,0.0
898,2442,0,0,2017-11-23T16:41:14,0,0,0,0,0.0
899,2443,0,0,2017-11-23T16:41:14,0,0,0,0,0.0
